Rank,Team,GM,Opp TO,TO PG
1,UMES (MEAC),31,589,19.00
2,Morgan St. (MEAC),31,586,18.90
3,SFA (WAC),32,578,18.06
4,Nicholls (Southland),31,549,17.71
5,Abilene Christian (WAC),30,530,17.67
6,UNLV (Mountain West),32,562,17.56
7,Southern U. (SWAC),32,552,17.25
8,Missouri (SEC),35,592,16.91
9,N.C. Central (MEAC),30,503,16.77
10,UTEP (CUSA),32,536,16.75
11,Sam Houston (WAC),34,564,16.59
12,Iowa St. (Big 12),33,546,16.55
12,James Madison (Sun Belt),33,546,16.55
14,FIU (CUSA),32,528,16.50
15,VCU (Atlantic 10),35,572,16.34
16,Ark.-Pine Bluff (SWAC),31,497,16.03
17,Portland St. (Big Sky),31,495,15.97
18,Cornell (Ivy League),28,446,15.93
19,Marquette (Big East),36,570,15.83
20,Kent St. (MAC),35,551,15.74
21,Northern Ky. (Horizon),35,549,15.69
22,UCLA (Pac-12),37,580,15.68
23,Texas (Big 12),38,595,15.66
24,South Carolina St. (MEAC),31,485,15.65
25,Troy (Sun Belt),33,513,15.55
26,Alabama A&M (SWAC),33,510,15.45
27,Prairie View (SWAC),32,494,15.44
28,Howard (MEAC),35,540,15.43
29,TCU (Big 12),35,539,15.40
30,FDU (NEC),37,567,15.32
31,Louisiana Tech (CUSA),33,502,15.21
32,New Orleans (Southland),32,486,15.19
33,Memphis (AAC),35,531,15.17
34,A&M-Corpus Christi (Southland),35,529,15.11
35,Kansas St. (Big 12),36,541,15.03
36,Marshall (Sun Belt),32,478,14.94
37,Middle Tenn. (CUSA),33,492,14.91
38,UCF (AAC),34,504,14.82
39,Northwestern St. (Southland),33,489,14.82
40,UC Davis (Big West),32,473,14.78
41,Eastern Ill. (OVC),31,457,14.74
42,St. John's (NY) (Big East),33,486,14.73
43,UIW (Southland),31,455,14.68
44,Grambling (SWAC),33,484,14.67
44,Tennessee (SEC),36,528,14.67
46,Southeast Mo. St. (OVC),36,527,14.64
47,Samford (SoCon),32,468,14.63
48,West Virginia (Big 12),34,496,14.59
49,Southern Miss. (Sun Belt),33,481,14.58
50,Southeastern La. (Southland),32,465,14.53
51,Tulane (AAC),31,450,14.52
52,Eastern Ky. (ASUN),37,536,14.49
53,Rutgers (Big Ten),34,492,14.47
54,Alcorn (SWAC),32,463,14.47
55,Longwood (Big South),32,462,14.44
56,Arkansas (SEC),36,519,14.42
57,Duquesne (Atlantic 10),33,475,14.39
57,Seton Hall (Big East),33,475,14.39
59,USC Upstate (Big South),32,460,14.38
60,Iona (MAAC),35,503,14.37
61,Monmouth (CAA),33,474,14.36
62,Kennesaw St. (ASUN),35,502,14.34
63,Kansas (Big 12),36,515,14.31
64,Mississippi St. (SEC),34,486,14.29
65,UT Arlington (WAC),32,456,14.25
66,Southern Utah (WAC),37,527,14.24
67,Little Rock (OVC),31,441,14.23
68,Manhattan (MAAC),30,426,14.20
69,Delaware St. (MEAC),30,425,14.17
70,UAB (CUSA),39,552,14.15
71,Gardner-Webb (Big South),31,438,14.13
72,Cal St. Fullerton (Big West),33,466,14.12
73,Long Beach St. (Big West),33,463,14.03
73,Sacred Heart (NEC),33,463,14.03
75,Arizona St. (Pac-12),36,505,14.03
76,Texas A&M (SEC),35,490,14.00
77,Buffalo (MAC),32,447,13.97
78,Cleveland St. (Horizon),35,488,13.94
79,Maine (America East),30,418,13.93
80,Northwestern (Big Ten),34,473,13.91
80,UNCW (CAA),34,473,13.91
82,Norfolk St. (MEAC),33,458,13.88
83,New Mexico St. (WAC),24,333,13.88
84,UMass Lowell (America East),34,471,13.85
85,Brown (Ivy League),27,374,13.85
86,Texas Tech (Big 12),32,443,13.84
86,UIC (MVC),32,443,13.84
88,Col. of Charleston (CAA),35,482,13.77
89,Coppin St. (MEAC),32,440,13.75
90,Texas Southern (SWAC),35,481,13.74
91,Loyola Maryland (Patriot),33,452,13.70
91,SIUE (OVC),33,452,13.70
93,Oakland (Horizon),32,438,13.69
94,Montana St. (Big Sky),35,479,13.69
95,Milwaukee (Horizon),34,465,13.68
96,Houston (AAC),37,506,13.68
97,Bethune-Cookman (SWAC),32,437,13.66
98,BYU (Big 12),34,464,13.65
99,St. Francis Brooklyn (NEC),30,409,13.63
100,Tennessee St. (OVC),32,436,13.63
101,Austin Peay (ASUN),31,421,13.58
101,Massachusetts (Atlantic 10),31,421,13.58
103,Fordham (Atlantic 10),33,448,13.58
103,Jackson St. (SWAC),33,448,13.58
105,NIU (MAC),32,433,13.53
106,Baylor (Big 12),34,460,13.53
107,CSU Bakersfield (Big West),33,445,13.48
108,Wagner (NEC),28,377,13.46
109,Mississippi Val. (SWAC),32,430,13.44
110,Colorado (Pac-12),35,470,13.43
111,Radford (Big South),36,483,13.42
112,Central Mich. (MAC),31,415,13.39
113,SMU (AAC),32,428,13.38
114,Miami (OH) (MAC),32,426,13.31
115,UNC Greensboro (SoCon),32,425,13.28
116,Saint Joseph's (Atlantic 10),33,437,13.24
116,Tennessee Tech (OVC),33,437,13.24
118,Gonzaga (WCC),37,489,13.22
119,NC State (ACC),34,449,13.21
120,Seattle U (WAC),32,422,13.19
121,Robert Morris (Horizon),33,435,13.18
122,Canisius (MAAC),30,395,13.17
123,Evansville (MVC),32,421,13.16
124,Wright St. (Horizon),33,434,13.15
125,Columbia (Ivy League),29,379,13.07
126,South Fla. (AAC),32,418,13.06
126,St. Bonaventure (Atlantic 10),32,418,13.06
128,Furman (SoCon),36,470,13.06
129,McNeese (Southland),34,443,13.03
130,Auburn (SEC),34,442,13.00
130,Ga. Southern (Sun Belt),33,429,13.00
130,Illinois (Big Ten),33,429,13.00
130,Liberty (ASUN),36,468,13.00
130,Weber St. (Big Sky),33,429,13.00
135,Pacific (WCC),33,428,12.97
135,Southern Ill. (MVC),33,428,12.97
137,Navy (Patriot),31,402,12.97
138,Purdue Fort Wayne (Horizon),32,414,12.94
138,UTRGV (WAC),32,414,12.94
140,Fresno St. (Mountain West),31,401,12.94
141,Toledo (MAC),35,452,12.91
142,UT Martin (OVC),33,426,12.91
143,Washington (Pac-12),32,413,12.91
144,San Diego St. (Mountain West),39,503,12.90
145,Oklahoma St. (Big 12),36,464,12.89
146,Youngstown St. (Horizon),34,438,12.88
147,Syracuse (ACC),32,412,12.88
148,San Diego (WCC),31,399,12.87
149,Iowa (Big Ten),33,424,12.85
150,LIU (NEC),29,371,12.79
151,UNI (MVC),32,409,12.78
152,Delaware (CAA),33,421,12.76
153,Harvard (Ivy League),28,357,12.75
154,UNC Asheville (Big South),35,446,12.74
155,New Mexico (Mountain West),34,433,12.74
156,Oral Roberts (Summit League),35,445,12.71
156,UC Irvine (Big West),35,445,12.71
158,Belmont (MVC),32,406,12.69
159,San Francisco (WCC),34,431,12.68
160,Houston Christian (Southland),32,405,12.66
160,ULM (Sun Belt),32,405,12.66
162,UConn (Big East),39,493,12.64
163,Bradley (MVC),35,442,12.63
163,Hofstra (CAA),35,442,12.63
165,Yale (Ivy League),30,378,12.60
166,Louisiana (Sun Belt),34,428,12.59
167,DePaul (Big East),33,415,12.58
167,Western Ky. (CUSA),33,415,12.58
169,Saint Peter's (MAAC),32,402,12.56
170,Florida A&M (SWAC),29,363,12.52
171,Nevada (Mountain West),33,413,12.52
172,Miami (FL) (ACC),37,463,12.51
173,Butler (Big East),32,400,12.50
173,Indiana St. (MVC),36,450,12.50
175,Florida (SEC),33,412,12.48
176,App State (Sun Belt),32,399,12.47
177,Saint Mary's (CA) (WCC),35,436,12.46
178,Siena (MAAC),32,398,12.44
179,Ohio (MAC),33,410,12.42
180,Central Ark. (ASUN),31,385,12.42
181,La Salle (Atlantic 10),34,422,12.41
182,Boston U. (Patriot),32,397,12.41
183,Bryant (America East),30,372,12.40
184,Eastern Mich. (MAC),31,384,12.39
185,Utah Valley (WAC),37,458,12.38
186,Presbyterian (Big South),32,396,12.38
187,Cal Poly (Big West),33,408,12.36
188,Dartmouth (Ivy League),28,346,12.36
189,High Point (Big South),31,383,12.35
190,Campbell (Big South),34,420,12.35
191,Colgate (Patriot),35,432,12.34
192,Akron (MAC),33,407,12.33
192,Fla. Atlantic (CUSA),39,481,12.33
194,Lamar University (Southland),31,382,12.32
195,Arizona (Pac-12),35,431,12.31
196,Boston College (ACC),33,406,12.30
196,Southern California (Pac-12),33,406,12.30
198,UC Santa Barbara (Big West),35,430,12.29
199,Holy Cross (Patriot),32,393,12.28
199,N.C. A&T (CAA),32,393,12.28
201,North Texas (CUSA),38,465,12.24
202,Alabama St. (SWAC),31,379,12.23
203,Portland (WCC),33,403,12.21
203,Virginia (ACC),33,403,12.21
203,Wake Forest (ACC),33,403,12.21
206,Texas St. (Sun Belt),35,427,12.20
207,Pepperdine (WCC),31,378,12.19
208,American (Patriot),32,390,12.19
209,Hartford (DI Independent),28,341,12.18
210,Cincinnati (AAC),36,438,12.17
211,ETSU (SoCon),32,389,12.16
212,Loyola Chicago (Atlantic 10),31,376,12.13
213,Winthrop (Big South),32,388,12.13
214,Colorado St. (Mountain West),33,400,12.12
214,Stanford (Pac-12),33,400,12.12
216,Northern Ariz. (Big Sky),35,424,12.11
217,Idaho St. (Big Sky),32,387,12.09
218,Nebraska (Big Ten),32,386,12.06
219,Ole Miss (SEC),33,398,12.06
220,Drake (MVC),35,421,12.03
221,Drexel (CAA),32,384,12.00
221,Georgia St. (Sun Belt),31,372,12.00
223,CSUN (Big West),32,383,11.97
224,UC Riverside (Big West),34,406,11.94
225,Rhode Island (Atlantic 10),31,370,11.94
226,Maryland (Big Ten),35,417,11.91
226,Rice (CUSA),35,417,11.91
228,South Dakota St. (Summit League),32,381,11.91
229,East Carolina (AAC),33,392,11.88
229,Mount St. Mary's (MAAC),33,392,11.88
229,Santa Clara (WCC),33,392,11.88
232,Kansas City (Summit League),32,380,11.88
232,Missouri St. (MVC),32,380,11.88
234,Lafayette (Patriot),34,403,11.85
235,Mercer (SoCon),33,391,11.85
236,Tulsa (AAC),30,355,11.83
237,Wisconsin (Big Ten),35,413,11.80
238,Boise St. (Mountain West),34,401,11.79
239,FGCU (ASUN),32,377,11.78
239,Florida St. (ACC),32,377,11.78
239,Oregon St. (Pac-12),32,377,11.78
239,Quinnipiac (MAAC),32,377,11.78
243,Lehigh (Patriot),30,353,11.77
243,Western Ill. (Summit League),30,353,11.77
245,Towson (CAA),33,388,11.76
246,UAlbany (America East),31,364,11.74
247,Alabama (SEC),37,434,11.73
247,Xavier (Big East),37,434,11.73
249,Providence (Big East),33,387,11.73
250,Fairfield (MAAC),31,363,11.71
251,Detroit Mercy (Horizon),33,386,11.70
252,Ball St. (MAC),32,373,11.66
252,Wichita St. (AAC),32,373,11.66
254,LSU (SEC),33,384,11.64
255,IU Indy (Horizon),32,372,11.63
256,Lipscomb (ASUN),33,383,11.61
257,Davidson (Atlantic 10),32,371,11.59
258,Arkansas St. (Sun Belt),33,382,11.58
259,UMBC (America East),32,370,11.56
260,Coastal Carolina (Sun Belt),31,358,11.55
261,Richmond (Atlantic 10),33,381,11.55
262,Bowling Green (MAC),31,357,11.52
262,Chicago St. (DI Independent),31,357,11.52
262,Jacksonville St. (ASUN),31,357,11.52
265,George Mason (Atlantic 10),33,380,11.52
266,Elon (CAA),32,368,11.50
266,Georgia (SEC),32,368,11.50
266,Idaho (Big Sky),32,368,11.50
269,Old Dominion (Sun Belt),31,355,11.45
270,Vermont (America East),34,389,11.44
271,LMU (CA) (WCC),31,354,11.42
272,William & Mary (CAA),33,373,11.30
273,Villanova (Big East),34,384,11.29
274,Charleston So. (Big South),31,350,11.29
275,The Citadel (SoCon),32,361,11.28
276,Pittsburgh (ACC),36,406,11.28
277,North Ala. (ASUN),33,372,11.27
278,Clemson (ACC),34,383,11.26
278,Eastern Wash. (Big Sky),34,383,11.26
280,Temple (AAC),32,360,11.25
281,Denver (Summit League),32,359,11.22
282,Morehead St. (OVC),34,381,11.21
283,Wofford (SoCon),33,369,11.18
284,Indiana (Big Ten),35,391,11.17
285,Charlotte (CUSA),36,402,11.17
286,Wyoming (Mountain West),31,346,11.16
287,Hampton (CAA),32,357,11.16
287,Illinois St. (MVC),32,357,11.16
289,Kentucky (SEC),34,379,11.15
290,Rider (MAAC),30,334,11.13
291,Georgetown (Big East),32,356,11.13
292,George Washington (Atlantic 10),32,355,11.09
292,Valparaiso (MVC),32,355,11.09
294,Utah St. (Mountain West),35,388,11.09
295,UTSA (CUSA),32,354,11.06
296,Marist (MAAC),33,365,11.06
297,Air Force (Mountain West),32,352,11.00
298,Oregon (Pac-12),36,395,10.97
299,South Alabama (Sun Belt),35,384,10.97
300,Georgia Tech (ACC),33,362,10.97
301,New Hampshire (America East),30,329,10.97
302,Central Conn. St. (NEC),32,350,10.94
303,Virginia Tech (ACC),34,371,10.91
304,North Dakota (Summit League),33,360,10.91
305,Omaha (Summit League),32,349,10.91
306,Duke (ACC),36,391,10.86
307,California Baptist (WAC),33,358,10.85
308,Murray St. (MVC),32,347,10.84
309,Niagara (MAAC),31,336,10.84
310,Western Caro. (SoCon),34,368,10.82
311,Army West Point (Patriot),33,356,10.79
312,Binghamton (America East),31,334,10.77
313,Washington St. (Pac-12),34,366,10.76
314,Hawaii (Big West),33,355,10.76
315,Grand Canyon (WAC),36,387,10.75
316,Saint Louis (Atlantic 10),33,353,10.70
317,Green Bay (Horizon),32,342,10.69
318,Saint Francis (PA) (NEC),31,329,10.61
319,VMI (SoCon),32,339,10.59
320,Chattanooga (SoCon),35,369,10.54
320,Ohio St. (Big Ten),35,369,10.54
322,Princeton (Ivy League),32,336,10.50
322,South Carolina (SEC),32,336,10.50
324,North Carolina (ACC),33,345,10.45
325,Bucknell (Patriot),32,332,10.38
325,California (Pac-12),32,332,10.38
325,Oklahoma (Big 12),32,332,10.38
328,Dayton (Atlantic 10),34,352,10.35
329,Montana (Big Sky),31,320,10.32
330,Penn (Ivy League),30,309,10.30
331,Vanderbilt (SEC),37,381,10.30
332,Stetson (ASUN),31,317,10.23
333,North Florida (ASUN),31,316,10.19
334,Louisville (ACC),32,325,10.16
334,Utah (Pac-12),32,325,10.16
336,NJIT (America East),30,303,10.10
337,Purdue (Big Ten),35,348,9.94
338,Michigan (Big Ten),34,338,9.94
339,South Dakota (Summit League),31,305,9.84
339,Western Mich. (MAC),31,305,9.84
341,Michigan St. (Big Ten),34,333,9.79
342,Northern Colo. (Big Sky),32,313,9.78
343,Northeastern (CAA),30,293,9.77
344,Minnesota (Big Ten),31,302,9.74
345,Creighton (Big East),37,358,9.68
346,Jacksonville (ASUN),29,277,9.55
347,Sacramento St. (Big Sky),32,302,9.44
348,Stony Brook (CAA),33,303,9.18
349,North Dakota St. (Summit League),33,295,8.94
350,Notre Dame (ACC),32,286,8.94
351,Penn St. (Big Ten),37,317,8.57
352,San Jose St. (Mountain West),35,291,8.31